{
    "1": [
        {
            "character_name": "Narrator",
            "color": "black"
        },
        {
            "character_name": "Alice",
            "color": "pink"
        }
    ],
    "2": [
        {
            "character_name": "Mary",
            "color": "white"
        },
        {
            "character_name": "Bob",
            "color": "orange"
        },
        {
            "character_name": "Frank",
            "color": "brown"
        },
        {
            "character_name": "Jackson",
            "color": "green"
        }
    ]
}
  