{
    "1": [
        {
            "diaglogue": "Either the well was very deep, or she fell very slowly, for she had plenty of time as she went down to look about her and to wonder what was going to happen next.",
            "reference number": 1,
            "character name": "Narrator",
            "voice name": "male:魅力大叔",
            "color": "black",
            "emotion": "Happy"
        },
        {
            "diaglogue": "First, she tried to look down and make out what she was coming to, but it was too dark to see anything; then she looked at the sides of the well, and noticed that they were filled with cupboards and book-shelves; here and there she saw maps and pictures hung upon pegs.",
            "reference number": 2,
            "character name": "Narrator",
            "voice name": "male:魅力大叔",
            "color": "black",
            "emotion": "Happy"
        },
        {
            "diaglogue": "She took down a jar from one of the shelves as she passed; it was labelled \"ORANGE MARMALADE\", but to her great disappointment it was empty: she did not like to drop the jar for fear of killing somebody underneath, so managed to put it into one of the cupboards as she fell past it.",
            "reference number": 3,
            "character name": "Narrator",
            "voice name": "male:魅力大叔",
            "color": "black",
            "emotion": "Happy"
        },
        {
            "diaglogue": "\"Well!\" thought Alice to herself, \"after such a fall as this, I shall think nothing of tumbling down stairs! How brave they'll all think me at home! Why, I wouldn't say anything about it, even if I fell off the top of the house!\"",
            "reference number": 4,
            "character name": "Alice",
            "voice name": "female:知心小姐姐",
            "color": "pink",
            "emotion": "Excited"
        },
        {
            "diaglogue": "(Which was very likely true.)",
            "reference number": 5,
            "character name": "Narrator",
            "voice name": "male:魅力大叔",
            "color": "black",
            "emotion": "Happy"
        },
        {
            "diaglogue": "Down, down, down. Would the fall _never_ come to an end? \"I wonder how many miles I've fallen by this time?\" she said aloud.",
            "reference number": 6,
            "character name": "Alice",
            "voice name": "female:知心小姐姐",
            "color": "pink",
            "emotion": "Excited"
        },
        {
            "diaglogue": "\"I must be getting somewhere near the centre of the earth. Let me see: that would be four thousand miles down, I think--\"",
            "reference number": 7,
            "character name": "Alice",
            "voice name": "female:知心小姐姐",
            "color": "pink",
            "emotion": "Excited"
        },
        {
            "diaglogue": "(for, you see, Alice had learnt several things of this sort in her lessons in the schoolroom, and though this was not a _very_ good opportunity for showing off her knowledge, as there was no one to listen to her, still it was good practice to say it over)",
            "reference number": 8,
            "character name": "Narrator",
            "voice name": "male:魅力大叔",
            "color": "black",
            "emotion": "Happy"
        },
        {
            "diaglogue": "\"--yes, that's about the right distance--but then I wonder what Latitude or Longitude I've got to?\"",
            "reference number": 9,
            "character name": "Alice",
            "voice name": "female:知心小姐姐",
            "color": "pink",
            "emotion": "Excited"
        },
        {
            "diaglogue": "(Alice had no idea what Latitude was, or Longitude either, but thought they were nice grand words to say.)",
            "reference number": 10,
            "character name": "Narrator",
            "voice name": "male:魅力大叔",
            "color": "black",
            "emotion": "Happy"
        },
        {
            "diaglogue": "Presently she began again. \"I wonder if I shall fall right _through_ the earth! How funny it'll seem to come out among the people that walk with their heads downward! The Antipathies, I think--\"",
            "reference number": 11,
            "character name": "Alice",
            "voice name": "female:知心小姐姐",
            "color": "pink",
            "emotion": "Excited"
        },
        {
            "diaglogue": "(she was rather glad there _was_ no one listening, this time, as it didn't sound at all the right word)",
            "reference number": 12,
            "character name": "Narrator",
            "voice name": "male:魅力大叔",
            "color": "black",
            "emotion": "Happy"
        },
        {
            "diaglogue": "\"--but I shall have to ask them what the name of the country is, you know. Please, Ma'am, is this New Zealand or Australia?\"",
            "reference number": 13,
            "character name": "Alice",
            "voice name": "female:知心小姐姐",
            "color": "pink",
            "emotion": "Excited"
        },
        {
            "diaglogue": "(and she tried to curtsey as she spoke--fancy _curtseying_ as you're falling through the air! Do you think you could manage it?)",
            "reference number": 14,
            "character name": "Narrator",
            "voice name": "male:魅力大叔",
            "color": "black",
            "emotion": "Happy"
        },
        {
            "diaglogue": "\"And what an ignorant little girl she'll think me for asking! No, it'll never do to ask: perhaps I shall see it written up somewhere.\"",
            "reference number": 15,
            "character name": "Alice",
            "voice name": "female:知心小姐姐",
            "color": "pink",
            "emotion": "Excited"
        }
    ],
    "2": [
      {"diaglogue":"Siddhartha said, 'We are old, and we may never meet again.",
      "color" : "white"},
      {"diaglogue":"My dear friend, I believe you have found peace, but I have not yet found it.",
      "color" : "orange"},
      {"diaglogue":"Beloved one, tell me once more something I can understand! Send me on my way.",
      "color" : "brown"},
      {"diaglogue":"Siddhartha, my path has often been hard, often dark.",
      "color" : "green"}
    ]
}
  